USE [Taxi_Qualifier]
GO

INSERT INTO [dbo].[AspNetRoles] ([Id], [Name], [NormalizedName], [ConcurrencyStamp]) VALUES (N'57cb21cb-1305-46fb-9aa3-75e84a128693', N'Admin', N'ADMIN', N'3bc19917-7d3c-46f7-99fc-99996058f884')
INSERT INTO [dbo].[AspNetRoles] ([Id], [Name], [NormalizedName], [ConcurrencyStamp]) VALUES (N'7fcacdb6-81aa-4e62-a443-378de630f400', N'User', N'USER', N'f6a5ea3e-1240-4ff5-87e3-9de0fa9a9d16')
INSERT INTO [dbo].[AspNetRoles] ([Id], [Name], [NormalizedName], [ConcurrencyStamp]) VALUES (N'8cd75bb8-7345-49cf-a7cf-beafbb8ffc75', N'Driver', N'DRIVER', N'fcd3f50f-afab-46c0-8b93-8fe0279abbd4')
GO

INSERT INTO [dbo].[AspNetUsers] ([Id], [UserName], [NormalizedUserName], [Email], [NormalizedEmail], [EmailConfirmed], [PasswordHash], [SecurityStamp], [ConcurrencyStamp], [PhoneNumber], [PhoneNumberConfirmed], [TwoFactorEnabled], [LockoutEnd], [LockoutEnabled], [AccessFailedCount], [Document], [FirstName], [LastName], [Address], [PicturePath], [UserType], [UserGroupEntityId]) VALUES (N'0300e215-5c65-474d-8fc2-e86593710b5e', N'jzuluaga55@gmail.com', N'JZULUAGA55@GMAIL.COM', N'jzuluaga55@gmail.com', N'JZULUAGA55@GMAIL.COM', 0, N'AQAAAAEAACcQAAAAEFbIrD222c5HTJrJX7ddMUx1dxoNNiAEzgkzm5wPj3jHejei71HYrWdnc5D9C1o3rw==', N'4TOSKOF6GA4T3EBD3FPKVGIIGCI654AV', N'000b7073-4538-472f-8a3d-ea4196610f3a', N'350 634 2747', 0, 0, NULL, 1, 0, N'1010', N'Juan', N'Zuluaga', N'Calle Luna Calle Sol', NULL, 0, NULL)
INSERT INTO [dbo].[AspNetUsers] ([Id], [UserName], [NormalizedUserName], [Email], [NormalizedEmail], [EmailConfirmed], [PasswordHash], [SecurityStamp], [ConcurrencyStamp], [PhoneNumber], [PhoneNumberConfirmed], [TwoFactorEnabled], [LockoutEnd], [LockoutEnabled], [AccessFailedCount], [Document], [FirstName], [LastName], [Address], [PicturePath], [UserType], [UserGroupEntityId]) VALUES (N'd3e3cc81-8d68-4c92-b7d0-9818a1dd78cc', N'carlos.zuluaga@globant.com', N'CARLOS.ZULUAGA@GLOBANT.COM', N'carlos.zuluaga@globant.com', N'CARLOS.ZULUAGA@GLOBANT.COM', 0, N'AQAAAAEAACcQAAAAEBnI3p2zaY1vD8tcL3KSVniX2/ZTO1iT7kU3ArWmMZrNx9s6gaKC9eqX1M7M4mEU5A==', N'UNFCFLR22GOFPDRMTFFIKXHDMQ7TA2PI', N'f21f3e6d-81ec-4bbe-9b88-eb08bde2ec99', N'350 634 2747', 0, 0, NULL, 1, 0, N'3030', N'Juan', N'Zuluaga', N'Calle Luna Calle Sol', NULL, 2, NULL)
INSERT INTO [dbo].[AspNetUsers] ([Id], [UserName], [NormalizedUserName], [Email], [NormalizedEmail], [EmailConfirmed], [PasswordHash], [SecurityStamp], [ConcurrencyStamp], [PhoneNumber], [PhoneNumberConfirmed], [TwoFactorEnabled], [LockoutEnd], [LockoutEnabled], [AccessFailedCount], [Document], [FirstName], [LastName], [Address], [PicturePath], [UserType], [UserGroupEntityId]) VALUES (N'dfc31ad0-1955-4d6e-9de1-93e853964517', N'jzuluaga55@hotmail.com', N'JZULUAGA55@HOTMAIL.COM', N'jzuluaga55@hotmail.com', N'JZULUAGA55@HOTMAIL.COM', 0, N'AQAAAAEAACcQAAAAEEzg1ETgMru4hs759G337aN+XhPQFLQCPbBrvauGQtQ/fwFW2xWDC/IPeuoLChOdtg==', N'ZWFB2LDK54SWMD53EHWDDGM6LHT32T7U', N'47320749-2169-4bf5-8cf1-b6852b202ac0', N'350 634 2747', 0, 0, NULL, 1, 0, N'2020', N'Juan', N'Zuluaga', N'Calle Luna Calle Sol', NULL, 1, NULL)
INSERT INTO [dbo].[AspNetUsers] ([Id], [UserName], [NormalizedUserName], [Email], [NormalizedEmail], [EmailConfirmed], [PasswordHash], [SecurityStamp], [ConcurrencyStamp], [PhoneNumber], [PhoneNumberConfirmed], [TwoFactorEnabled], [LockoutEnd], [LockoutEnabled], [AccessFailedCount], [Document], [FirstName], [LastName], [Address], [PicturePath], [UserType], [UserGroupEntityId]) VALUES (N'e56ad9ab-3518-488c-9d2c-577462c41139', N'juanzuluaga2480@correo.itm.edu.co', N'JUANZULUAGA2480@CORREO.ITM.EDU.CO', N'juanzuluaga2480@correo.itm.edu.co', N'JUANZULUAGA2480@CORREO.ITM.EDU.CO', 0, N'AQAAAAEAACcQAAAAENmvVijbiWqomAyO4ZXMtw2ull+l6TQwT5DJBJgCPRgQEyQb2+tOmsZX5DN5QIpOYQ==', N'RZHQGTVTSKGL46HZPFQY6H7Z552I47HP', N'76d3514e-2b99-492e-84ba-b88f9e3f03a0', N'350 634 2747', 0, 0, NULL, 1, 0, N'4040', N'Juan', N'Zuluaga', N'Calle Luna Calle Sol', NULL, 2, NULL)
GO

INSERT INTO [dbo].[AspNetUserRoles] ([UserId], [RoleId]) VALUES (N'0300e215-5c65-474d-8fc2-e86593710b5e', N'57cb21cb-1305-46fb-9aa3-75e84a128693')
INSERT INTO [dbo].[AspNetUserRoles] ([UserId], [RoleId]) VALUES (N'd3e3cc81-8d68-4c92-b7d0-9818a1dd78cc', N'7fcacdb6-81aa-4e62-a443-378de630f400')
INSERT INTO [dbo].[AspNetUserRoles] ([UserId], [RoleId]) VALUES (N'e56ad9ab-3518-488c-9d2c-577462c41139', N'7fcacdb6-81aa-4e62-a443-378de630f400')
INSERT INTO [dbo].[AspNetUserRoles] ([UserId], [RoleId]) VALUES (N'dfc31ad0-1955-4d6e-9de1-93e853964517', N'8cd75bb8-7345-49cf-a7cf-beafbb8ffc75')
GO

SET IDENTITY_INSERT [dbo].[Taxis] ON
INSERT INTO [dbo].[Taxis] ([Id], [Plaque], [UserId]) VALUES (1, N'TPQ123', N'dfc31ad0-1955-4d6e-9de1-93e853964517')
INSERT INTO [dbo].[Taxis] ([Id], [Plaque], [UserId]) VALUES (2, N'THW321', N'dfc31ad0-1955-4d6e-9de1-93e853964517')
SET IDENTITY_INSERT [dbo].[Taxis] OFF
GO

SET IDENTITY_INSERT [dbo].[Trips] ON
INSERT INTO [dbo].[Trips] ([Id], [StartDate], [EndDate], [Source], [Target], [Qualification], [SourceLatitude], [SourceLongitude], [TargetLatitude], [TargetLongitude], [Remarks], [TaxiId], [UserId]) VALUES (1, N'2024-10-15 19:54:30', N'2024-10-15 20:24:30', N'ITM Fraternidad', N'ITM Robledo', 4.5, 0, 0, 0, 0, N'Lorem ipsum dolor sit amet, consectetur adipiscing elit. Proin blandit magna magna, nec rutrum nulla pretium quis. Aliquam a nibh non metus hendrerit efficitur ac sit amet lorem. Vivamus sollicitudin imperdiet felis vel rutrum. Curabitur eros est, vulputate non interdum pellentesque, volutpat ut nunc. Nunc tempus massa consectetur fermentum tempor. Vestibulum ante ipsum primis in faucibus orci luctus et ultrices posuere cubilia curae; Donec at orci at nisl volutpat fermentum tempor ut nulla. Nulla feugiat, sem a eleifend mollis, erat magna faucibus sapien, eu vulputate odio ipsum non orci. Donec a imperdiet tortor. Suspendisse hendrerit justo vel libero pretium, vitae gravida enim commodo. Curabitur scelerisque, nibh in pellentesque bibendum, dui velit semper odio, mollis aliquam turpis turpis in lacus. Donec in sapien ut dui vehicula faucibus. Phasellus nec sem magna. Curabitur vestibulum varius iaculis.', 1, N'd3e3cc81-8d68-4c92-b7d0-9818a1dd78cc')
INSERT INTO [dbo].[Trips] ([Id], [StartDate], [EndDate], [Source], [Target], [Qualification], [SourceLatitude], [SourceLongitude], [TargetLatitude], [TargetLongitude], [Remarks], [TaxiId], [UserId]) VALUES (2, N'2024-10-15 19:54:30', N'2024-10-15 20:24:30', N'ITM Robledo', N'ITM Fraternidad', 4.8, 0, 0, 0, 0, N'Aliquam in ullamcorper orci. In sem purus, porttitor quis fermentum in, convallis sit amet dui. Proin sed diam purus. Quisque odio quam, luctus quis leo sit amet, sagittis rhoncus lacus. Maecenas auctor congue lacus a lobortis. Phasellus eget rhoncus nunc. Quisque elementum suscipit sem, eget venenatis urna placerat vel. Quisque malesuada venenatis felis, non condimentum urna convallis vel.', 1, N'd3e3cc81-8d68-4c92-b7d0-9818a1dd78cc')
INSERT INTO [dbo].[Trips] ([Id], [StartDate], [EndDate], [Source], [Target], [Qualification], [SourceLatitude], [SourceLongitude], [TargetLatitude], [TargetLongitude], [Remarks], [TaxiId], [UserId]) VALUES (3, N'2024-10-15 19:54:30', N'2024-10-15 20:24:30', N'ITM Fraternidad', N'ITM Robledo', 4.5, 0, 0, 0, 0, N'Muy buen servicio', 2, N'e56ad9ab-3518-488c-9d2c-577462c41139')
INSERT INTO [dbo].[Trips] ([Id], [StartDate], [EndDate], [Source], [Target], [Qualification], [SourceLatitude], [SourceLongitude], [TargetLatitude], [TargetLongitude], [Remarks], [TaxiId], [UserId]) VALUES (4, N'2024-10-15 19:54:30', N'2024-10-15 20:24:30', N'ITM Robledo', N'ITM Fraternidad', 4.8, 0, 0, 0, 0, N'Conductor muy amable', 2, N'e56ad9ab-3518-488c-9d2c-577462c41139')
SET IDENTITY_INSERT [dbo].[Trips] OFF
GO
